learning evaluation instances,evaluation time (cpu seconds),evaluation time (wall) (seconds),model cost (RAM-Hours),classified instances,mean absolute error,root mean squared error,relative mean absolute error,relative root mean squared error,coefficient of determination,adjusted coefficient of determination,model training instances,model serialized size (bytes),ensemble size,[avg] model training instances,[err] model training instances,[avg] model serialized size (bytes),[err] model serialized size (bytes)
100000.0,67.984375,368.89801025390625,-1.758760643295116E-11,100000.0,1.6829245827932975,2.316415159953412,0.30673159727661664,0.338509683790032,0.8854111939803726,0.8853985876989566,100000.0,-1.0,10.0,99860.0,207.0410587299052,0.0,0.0
200000.0,135.453125,767.9359741210938,-3.5041820309642286E-11,200000.0,1.801979288013068,2.4755372417237957,0.3162622591719045,0.34735427451593576,0.879345007975508,0.8793383715527613,200000.0,-1.0,10.0,199841.2,513.5189707628459,0.0,0.0
300000.0,202.921875,1226.363037109375,-5.249603418633342E-11,300000.0,1.8440739529890722,2.5303356079093438,0.3040281304061036,0.33537022359165836,0.8875268131280811,0.8875226889462619,300000.0,-1.0,10.0,299924.5,633.2847788405435,0.0,0.0
400000.0,270.921875,1729.85400390625,-7.008768281795912E-11,400000.0,1.8742701254204095,2.564718342483209,0.3035661828114561,0.3355246937597862,0.8874231798774017,0.8874200839219697,400000.0,-1.0,10.0,399971.6,748.3237861306322,0.0,0.0
500000.0,340.90625,2263.2041015625,-8.819269068125221E-11,500000.0,1.9299302333962132,2.613939899633742,0.32013006131308974,0.3493341644487917,0.8779656415488646,0.877962956728543,500000.0,-1.0,10.0,499861.80000000005,769.5373501873322,0.0,0.0
