learning evaluation instances,evaluation time (cpu seconds),evaluation time (wall) (seconds),model cost (RAM-Hours),classified instances,mean absolute error,root mean squared error,relative mean absolute error,relative root mean squared error,coefficient of determination,adjusted coefficient of determination,model training instances,model serialized size (bytes)
100000.0,138.734375,156.4029998779297,-3.589068203129702E-11,100000.0,1.9588682320287722,2.5884261682259484,0.3570253758295748,0.3782600540991246,0.8569193314729273,0.8569035907104978,100000.0,-1.0
200000.0,342.03125,389.6319885253906,-8.848372898581955E-11,200000.0,2.1012863762010343,2.7939384597430847,0.3687931270493405,0.3920306470729761,0.8463119717555436,0.8463035184067893,200000.0,-1.0
300000.0,517.9375,597.4450073242188,-1.3399080166386234E-10,300000.0,2.1019032132404343,2.8028499618692857,0.34653583343566585,0.3714892267522685,0.8619957544070016,0.8619906940489155,300000.0,-1.0
400000.0,943.953125,1186.0389404296875,-2.4420134852536854E-10,400000.0,2.074363388027473,2.787667400335231,0.33597429043270516,0.36469160582210847,0.8670000326428918,0.8669963750340612,400000.0,-1.0
500000.0,1112.4375,1380.9100341796875,-2.8778837683300183E-10,500000.0,2.1028924474174238,2.8138489788785104,0.34882042701714905,0.37605056721439606,0.858585970897731,0.8585828597144224,500000.0,-1.0
